index,title,brand,categories,keys,manufacturer,reviews.rating,reviews.sourceURLs,reviews.text,reviews.title,reviews.username
0,"All-New Fire HD 8 Tablet, 8 HD Display, Wi-Fi, 16 GB - Includes Special Offers, Magenta",Amazon,"Electronics,iPad & Tablets,All Tablets,Fire Tablets,Tablets,Computers & Tablets","841667104676,amazon/53004484,amazon/b01ahb9cn2,0841667104676,allnewfirehd8tablet8hddisplaywifi16gbincludesspecialoffersmagenta/5620406,allnewfirehd8tablet8hddisplaywifi16gbincludesspecialoffersmagenta/b01ahb9cn2",Amazon,5,"http://reviews.bestbuy.com/3545/5620406/reviews.htm?format=embedded&page=200,http://reviews.bestbuy.com/3545/5620406/reviews.htm?format=embedded&page=166",This product so far has not disappointed. My children love to use it and I like the ability to monitor control what content they see with ease.,Kindle,Adapter
1,"Kindle Oasis E-reader with Leather Charging Cover - Merlot, 6 High-Resolution Display (300 ppi), Wi-Fi - Includes Special Offers,,",Amazon,"Electronics,iPad & Tablets,All Tablets,Fire Tablets,Tablets,Computers & Tablets","841667104676,amazon/53004484,amazon/b01ahb9cn2,0841667104676,allnewfirehd8tablet8hddisplaywifi16gbincludesspecialoffersmagenta/5620406,allnewfirehd8tablet8hddisplaywifi16gbincludesspecialoffersmagenta/b01ahb9cn2",Amazon,5,"http://reviews.bestbuy.com/3545/5620406/reviews.htm?format=embedded&page=200,http://reviews.bestbuy.com/3545/5620406/reviews.htm?format=embedded&page=167",great for beginner or experienced person. Bought as a gift and she loves it,very fast,truman
2,"Amazon Kindle Lighted Leather Cover,,,
Amazon Kindle Lighted Leather Cover,,,",Amazon,"Electronics,iPad & Tablets,All Tablets,Fire Tablets,Tablets,Computers & Tablets","841667104676,amazon/53004484,amazon/b01ahb9cn2,0841667104676,allnewfirehd8tablet8hddisplaywifi16gbincludesspecialoffersmagenta/5620406,allnewfirehd8tablet8hddisplaywifi16gbincludesspecialoffersmagenta/b01ahb9cn2",Amazon,5,"http://reviews.bestbuy.com/3545/5620406/reviews.htm?format=embedded&page=200,http://reviews.bestbuy.com/3545/5620406/reviews.htm?format=embedded&page=167","Inexpensive tablet for him to use and learn on, step up from the NABI. He was thrilled with it, learn how to Skype on it already...",Beginner tablet for our 9 year old son.,DaveZ
3,"Amazon Kindle Lighted Leather Cover,,,
Kindle Keyboard,,,",Amazon,"Electronics,iPad & Tablets,All Tablets,Fire Tablets,Tablets,Computers & Tablets","841667104676,amazon/53004484,amazon/b01ahb9cn2,0841667104676,allnewfirehd8tablet8hddisplaywifi16gbincludesspecialoffersmagenta/5620406,allnewfirehd8tablet8hddisplaywifi16gbincludesspecialoffersmagenta/b01ahb9cn2",Amazon,4,"http://reviews.bestbuy.com/3545/5620406/reviews.htm?format=embedded&page=200,http://reviews.bestbuy.com/3545/5620406/reviews.htm?format=embedded&page=167",I've had my Fire HD 8 two weeks now and I love it. This tablet is a great value.We are Prime Members and that is where this tablet SHINES. I love being able to easily access all of the Prime content as well as movies you can download and watch laterThis has a 1280/800 screen which has some really nice look to it its nice and crisp and very bright infact it is brighter then the ipad pro costing $900 base model. The build on this fire is INSANELY AWESOME running at only 7.7mm thick and the smooth glossy feel on the back it is really amazing to hold its like the futuristic tab in ur hands.,Good!!!,Shacks
4,"Kindle Keyboard,,,
Kindle Keyboard,,,",Amazon,"Electronics,iPad & Tablets,All Tablets,Fire Tablets,Tablets,Computers & Tablets","841667104676,amazon/53004484,amazon/b01ahb9cn2,0841667104676,allnewfirehd8tablet8hddisplaywifi16gbincludesspecialoffersmagenta/5620406,allnewfirehd8tablet8hddisplaywifi16gbincludesspecialoffersmagenta/b01ahb9cn2",Amazon,5,"http://reviews.bestbuy.com/3545/5620406/reviews.htm?format=embedded&page=200,http://reviews.bestbuy.com/3545/5620406/reviews.htm?format=embedded&page=167","I bought this for my grand daughter when she comes over to visit. I set it up with her as the user, entered her age and name and now Amazon makes sure that she only accesses sites and content that are appropriate to her age. Simple to do and she loves the capabilities. I also bought and installed a 64gig SD card which gives this little tablet plenty of storage. For the price I think this tablet is best one out there. You can spend hundreds of dollars more for additional speed and capacity but when it comes to the basics this tablets does everything that most people will ever need at a fraction of the cost.",Fantastic Tablet for kids,explore42
5,"All-New Fire HD 8 Tablet, 8 HD Display, Wi-Fi, 32 GB - Includes Special Offers, Magenta",Amazon,"Electronics,iPad & Tablets,All Tablets,Fire Tablets,Tablets,Computers & Tablets","841667104676,amazon/53004484,amazon/b01ahb9cn2,0841667104676,allnewfirehd8tablet8hddisplaywifi16gbincludesspecialoffersmagenta/5620406,allnewfirehd8tablet8hddisplaywifi16gbincludesspecialoffersmagenta/b01ahb9cn2",Amazon,5,"http://reviews.bestbuy.com/3545/5620406/reviews.htm?format=embedded&page=200,http://reviews.bestbuy.com/3545/5620406/reviews.htm?format=embedded&page=167",This amazon fire 8 inch tablet is the perfect size. I purchased it for my husband so that he has a bigger screen than just his phone. He had gotten me one a few years ago so I knew it would be a good purchase.,Just what we expected,tklit
6,"Fire HD 8 Tablet with Alexa, 8 HD Display, 32 GB, Tangerine - with Special Offers,",Amazon,"Electronics,iPad & Tablets,All Tablets,Fire Tablets,Tablets,Computers & Tablets","841667104676,amazon/53004484,amazon/b01ahb9cn2,0841667104676,allnewfirehd8tablet8hddisplaywifi16gbincludesspecialoffersmagenta/5620406,allnewfirehd8tablet8hddisplaywifi16gbincludesspecialoffersmagenta/b01ahb9cn2",Amazon,4,"http://reviews.bestbuy.com/3545/5620406/reviews.htm?format=embedded&page=200,http://reviews.bestbuy.com/3545/5620406/reviews.htm?format=embedded&page=167","Great for e-reading on the go, nice and light weight, and for the price point given, definitely worth the purchase.",great e-reader tablet,Droi
7,"Amazon 5W USB Official OEM Charger and Power Adapter for Fire Tablets and Kindle eReaders,,,
Amazon 5W USB Official OEM Charger and Power Adapter for Fire Tablets and Kindle eReaders,,,",Amazon,"Electronics,iPad & Tablets,All Tablets,Fire Tablets,Tablets,Computers & Tablets","841667104676,amazon/53004484,amazon/b01ahb9cn2,0841667104676,allnewfirehd8tablet8hddisplaywifi16gbincludesspecialoffersmagenta/5620406,allnewfirehd8tablet8hddisplaywifi16gbincludesspecialoffersmagenta/b01ahb9cn2",Amazon,5,"http://reviews.bestbuy.com/3545/5620406/reviews.htm?format=embedded&page=200,http://reviews.bestbuy.com/3545/5620406/reviews.htm?format=embedded&page=167","I gave this as a Christmas gift to my inlaws, husband and uncle. They loved it and how easy they are to use with fantastic features!",Great for gifts,Kacy
8,"All-New Kindle E-reader - Black, 6 Glare-Free Touchscreen Display, Wi-Fi -  Includes Special Offers,,",Amazon,"Electronics,iPad & Tablets,All Tablets,Fire Tablets,Tablets,Computers & Tablets","841667104676,amazon/53004484,amazon/b01ahb9cn2,0841667104676,allnewfirehd8tablet8hddisplaywifi16gbincludesspecialoffersmagenta/5620406,allnewfirehd8tablet8hddisplaywifi16gbincludesspecialoffersmagenta/b01ahb9cn2",Amazon,5,"http://reviews.bestbuy.com/3545/5620406/reviews.htm?format=embedded&page=154,http://reviews.bestbuy.com/3545/5620406/reviews.htm?format=embedded&page=120","Great as a device to read books. I like that it links with my borrowed library e-books. Switched from another popular tablet brand and I am happy with the choice I made. It took some time to get books from my previous non-Kindle reader, but finally figured out a way!",Great for reading,Weebee
9,"Amazon Kindle Fire Hd (3rd Generation) 8gb,,,
Amazon Kindle Fire Hd (3rd Generation) 8gb,,,",Amazon,"Electronics,iPad & Tablets,All Tablets,Fire Tablets,Tablets,Computers & Tablets","841667104676,amazon/53004484,amazon/b01ahb9cn2,0841667104676,allnewfirehd8tablet8hddisplaywifi16gbincludesspecialoffersmagenta/5620406,allnewfirehd8tablet8hddisplaywifi16gbincludesspecialoffersmagenta/b01ahb9cn2",Amazon,5,"http://reviews.bestbuy.com/3545/5620406/reviews.htm?format=embedded&page=154,http://reviews.bestbuy.com/3545/5620406/reviews.htm?format=embedded&page=121",I love ordering books and reading them with the reader.,Great and lightweight reader,RoboBob
10,"Fire Tablet, 7 Display, Wi-Fi, 8 GB - Includes Special Offers, Magenta",Amazon,"Electronics,iPad & Tablets,All Tablets,Fire Tablets,Tablets,Computers & Tablets","841667104676,amazon/53004484,amazon/b01ahb9cn2,0841667104676,allnewfirehd8tablet8hddisplaywifi16gbincludesspecialoffersmagenta/5620406,allnewfirehd8tablet8hddisplaywifi16gbincludesspecialoffersmagenta/b01ahb9cn2",Amazon,4,"http://reviews.bestbuy.com/3545/5620406/reviews.htm?format=embedded&page=154,http://reviews.bestbuy.com/3545/5620406/reviews.htm?format=embedded&page=121",Not easy for elderly users cease of ads that pop up.,nice tablet for the price,tld2
11,"Kindle Oasis E-reader with Leather Charging Cover - Black, 6 High-Resolution Display (300 ppi), Wi-Fi - Includes Special Offers,,",Amazon,"Electronics,iPad & Tablets,All Tablets,Fire Tablets,Tablets,Computers & Tablets","841667104676,amazon/53004484,amazon/b01ahb9cn2,0841667104676,allnewfirehd8tablet8hddisplaywifi16gbincludesspecialoffersmagenta/5620406,allnewfirehd8tablet8hddisplaywifi16gbincludesspecialoffersmagenta/b01ahb9cn2",Amazon,5,"http://reviews.bestbuy.com/3545/5620406/reviews.htm?format=embedded&page=154,http://reviews.bestbuy.com/3545/5620406/reviews.htm?format=embedded&page=121","Excellent product. Easy to use, large screen makes watching movies and reading easier.",Excellent product,ralexander422
12,"Amazon - Kindle Voyage - 4GB - Wi-Fi + 3G - Black,,,
Amazon - Kindle Voyage - 4GB - Wi-Fi + 3G - Black,,,",Amazon,"Electronics,iPad & Tablets,All Tablets,Fire Tablets,Tablets,Computers & Tablets","841667104676,amazon/53004484,amazon/b01ahb9cn2,0841667104676,allnewfirehd8tablet8hddisplaywifi16gbincludesspecialoffersmagenta/5620406,allnewfirehd8tablet8hddisplaywifi16gbincludesspecialoffersmagenta/b01ahb9cn2",Amazon,4,"http://reviews.bestbuy.com/3545/5620406/reviews.htm?format=embedded&page=154,http://reviews.bestbuy.com/3545/5620406/reviews.htm?format=embedded&page=121",Wanted my father to have his first tablet and this is a very good value. He can watch movies and play a few games. Easy enough for him to use.,Great Value,RegE
13,"Amazon - Kindle Voyage - 4GB - Wi-Fi + 3G - Black,,,
Fire HD 8 Tablet with Alexa, 8 HD Display, 16 GB, Tangerine - with Special Offers"",",Amazon,"Electronics,iPad & Tablets,All Tablets,Fire Tablets,Tablets,Computers & Tablets","841667104676,amazon/53004484,amazon/b01ahb9cn2,0841667104676,allnewfirehd8tablet8hddisplaywifi16gbincludesspecialoffersmagenta/5620406,allnewfirehd8tablet8hddisplaywifi16gbincludesspecialoffersmagenta/b01ahb9cn2",Amazon,5,"http://reviews.bestbuy.com/3545/5620406/reviews.htm?format=embedded&page=154,http://reviews.bestbuy.com/3545/5620406/reviews.htm?format=embedded&page=121",Simply does everything I need. Thank youAnd silk works wonders,Excellect,TommyL
14,"Fire HD 8 Tablet with Alexa, 8 HD Display, 16 GB, Tangerine - with Special Offers,",Amazon,"Electronics,iPad & Tablets,All Tablets,Fire Tablets,Tablets,Computers & Tablets","841667104676,amazon/53004484,amazon/b01ahb9cn2,0841667104676,allnewfirehd8tablet8hddisplaywifi16gbincludesspecialoffersmagenta/5620406,allnewfirehd8tablet8hddisplaywifi16gbincludesspecialoffersmagenta/b01ahb9cn2",Amazon,5,"http://reviews.bestbuy.com/3545/5620406/reviews.htm?format=embedded&page=154,http://reviews.bestbuy.com/3545/5620406/reviews.htm?format=embedded&page=121",Got it as a present and love the size of the screen,Living It,Teacheeor
15,"Amazon Standing Protective Case for Fire HD 6 (4th Generation) - Black,,,
Amazon Standing Protective Case for Fire HD 6 (4th Generation) - Black,,,",Amazon,"Electronics,iPad & Tablets,All Tablets,Fire Tablets,Tablets,Computers & Tablets","841667104676,amazon/53004484,amazon/b01ahb9cn2,0841667104676,allnewfirehd8tablet8hddisplaywifi16gbincludesspecialoffersmagenta/5620406,allnewfirehd8tablet8hddisplaywifi16gbincludesspecialoffersmagenta/b01ahb9cn2",Amazon,5,"http://reviews.bestbuy.com/3545/5620406/reviews.htm?format=embedded&page=154,http://reviews.bestbuy.com/3545/5620406/reviews.htm?format=embedded&page=121","The kindle is easiest to use, graphics and screen crisp, clear, brilliant colors.",Favorite of any tablet,BudVette
16,"Certified Refurbished Amazon Fire TV (Previous Generation - 1st),,,
Certified Refurbished Amazon Fire TV (Previous Generation - 1st),,,",Amazon,"Electronics,iPad & Tablets,All Tablets,Fire Tablets,Tablets,Computers & Tablets","841667104676,amazon/53004484,amazon/b01ahb9cn2,0841667104676,allnewfirehd8tablet8hddisplaywifi16gbincludesspecialoffersmagenta/5620406,allnewfirehd8tablet8hddisplaywifi16gbincludesspecialoffersmagenta/b01ahb9cn2",Amazon,4,"http://reviews.bestbuy.com/3545/5620406/reviews.htm?format=embedded&page=145,http://reviews.bestbuy.com/3545/5620406/reviews.htm?format=embedded&page=111",nice reader. almost perfect for what i want/need. good bargain,good,Linda
17,"Brand New Amazon Kindle Fire 16gb 7 Ips Display Tablet Wifi 16 Gb Blue,,,",Amazon,"Electronics,iPad & Tablets,All Tablets,Fire Tablets,Tablets,Computers & Tablets","841667104676,amazon/53004484,amazon/b01ahb9cn2,0841667104676,allnewfirehd8tablet8hddisplaywifi16gbincludesspecialoffersmagenta/5620406,allnewfirehd8tablet8hddisplaywifi16gbincludesspecialoffersmagenta/b01ahb9cn2",Amazon,4,"http://reviews.bestbuy.com/3545/5620406/reviews.htm?format=embedded&page=145,http://reviews.bestbuy.com/3545/5620406/reviews.htm?format=embedded&page=112",I really like this tablet. I would have given 5 stars but sometimes you have to push start several times after you unlock the screen and it is a little annoying.,Nice Tablet for the Price,BestBuyLover
18,"Amazon Kindle Touch Leather Case (4th Generation - 2011 Release), Olive Green,,,
Amazon Kindle Touch Leather Case (4th Generation - 2011 Release), Olive Green,,,",Amazon,"Electronics,iPad & Tablets,All Tablets,Fire Tablets,Tablets,Computers & Tablets","841667104676,amazon/53004484,amazon/b01ahb9cn2,0841667104676,allnewfirehd8tablet8hddisplaywifi16gbincludesspecialoffersmagenta/5620406,allnewfirehd8tablet8hddisplaywifi16gbincludesspecialoffersmagenta/b01ahb9cn2",Amazon,5,"http://reviews.bestbuy.com/3545/5620406/reviews.htm?format=embedded&page=145,http://reviews.bestbuy.com/3545/5620406/reviews.htm?format=embedded&page=112",Great video quality lots of fun apps fun for the whole family,Great quality tablet,Alane
19,"Fire Kids Edition Tablet, 7 Display, Wi-Fi, 16 GB, Green Kid-Proof Case",Amazon,"Electronics,iPad & Tablets,All Tablets,Fire Tablets,Tablets,Computers & Tablets","841667104676,amazon/53004484,amazon/b01ahb9cn2,0841667104676,allnewfirehd8tablet8hddisplaywifi16gbincludesspecialoffersmagenta/5620406,allnewfirehd8tablet8hddisplaywifi16gbincludesspecialoffersmagenta/b01ahb9cn2",Amazon,5,"http://reviews.bestbuy.com/3545/5620406/reviews.htm?format=embedded&page=145,http://reviews.bestbuy.com/3545/5620406/reviews.htm?format=embedded&page=112",Love love love my kindle fire 8.....this is what my 9 yr old granddaughter said when I bought this for her at Christmas..we have purchased kindled in the past but this one has been the best....love the fact that you can now use a memory card in it...that helps so much when you use it for books...games...music and viedos...thanks,Kindle fire 8,Mynie
20,"Amazon Kindle Paperwhite - eBook reader - 4 GB - 6 monochrome Paperwhite - touchscreen - Wi-Fi - black,,,",Amazon,"Electronics,iPad & Tablets,All Tablets,Fire Tablets,Tablets,Computers & Tablets","841667104676,amazon/53004484,amazon/b01ahb9cn2,0841667104676,allnewfirehd8tablet8hddisplaywifi16gbincludesspecialoffersmagenta/5620406,allnewfirehd8tablet8hddisplaywifi16gbincludesspecialoffersmagenta/b01ahb9cn2",Amazon,5,"http://reviews.bestbuy.com/3545/5620406/reviews.htm?format=embedded&page=145,http://reviews.bestbuy.com/3545/5620406/reviews.htm?format=embedded&page=112","Excellent tablet with nice screen. I wish Amazon would pre install the play store, this would have been perfect.",Excellent reader,SeanRyan
21,"Kindle Voyage E-reader, 6 High-Resolution Display (300 ppi) with Adaptive Built-in Light, PagePress Sensors, Wi-Fi - Includes Special Offers,",Amazon,"Electronics,iPad & Tablets,All Tablets,Fire Tablets,Tablets,Computers & Tablets","841667104676,amazon/53004484,amazon/b01ahb9cn2,0841667104676,allnewfirehd8tablet8hddisplaywifi16gbincludesspecialoffersmagenta/5620406,allnewfirehd8tablet8hddisplaywifi16gbincludesspecialoffersmagenta/b01ahb9cn2",Amazon,5,"http://reviews.bestbuy.com/3545/5620406/reviews.htm?format=embedded&page=145,http://reviews.bestbuy.com/3545/5620406/reviews.htm?format=embedded&page=112","Preloaded with the reading app from Kindle but expandable with other apps. Perfect for travel. Carry your library, games and productivity apps in a small footprint.",Best Tablet Choice,jim9311
22,"Certified Refurbished Amazon Fire TV Stick (Previous Generation - 1st),,,
Certified Refurbished Amazon Fire TV Stick (Previous Generation - 1st),,,",Amazon,"Electronics,iPad & Tablets,All Tablets,Fire Tablets,Tablets,Computers & Tablets","841667104676,amazon/53004484,amazon/b01ahb9cn2,0841667104676,allnewfirehd8tablet8hddisplaywifi16gbincludesspecialoffersmagenta/5620406,allnewfirehd8tablet8hddisplaywifi16gbincludesspecialoffersmagenta/b01ahb9cn2",Amazon,5,"http://reviews.bestbuy.com/3545/5620406/reviews.htm?format=embedded&page=145,http://reviews.bestbuy.com/3545/5620406/reviews.htm?format=embedded&page=112","Very happy with this product and easy to use..picture is clear, takes great pictures..",Great size..,Babym494
23,"Certified Refurbished Amazon Fire TV Stick (Previous Generation - 1st),,,
Kindle Paperwhite,,,",Amazon,"Electronics,iPad & Tablets,All Tablets,Fire Tablets,Tablets,Computers & Tablets","841667104676,amazon/53004484,amazon/b01ahb9cn2,0841667104676,allnewfirehd8tablet8hddisplaywifi16gbincludesspecialoffersmagenta/5620406,allnewfirehd8tablet8hddisplaywifi16gbincludesspecialoffersmagenta/b01ahb9cn2",Amazon,5,"http://reviews.bestbuy.com/3545/5620406/reviews.htm?format=embedded&page=145,http://reviews.bestbuy.com/3545/5620406/reviews.htm?format=embedded&page=112","My grandchildren are home schooled and utilize the tables for many learning apps! They LOVE using them as it makes them feel ""so grown up""! The tablets are a great leaning tool and they are receiving many benefits from them!",Great tablet for kids!,Lecale
24,"Kindle Paperwhite,,,
Kindle Paperwhite,,,",Amazon,"Electronics,iPad & Tablets,All Tablets,Fire Tablets,Tablets,Computers & Tablets","841667104676,amazon/53004484,amazon/b01ahb9cn2,0841667104676,allnewfirehd8tablet8hddisplaywifi16gbincludesspecialoffersmagenta/5620406,allnewfirehd8tablet8hddisplaywifi16gbincludesspecialoffersmagenta/b01ahb9cn2",Amazon,5,"http://reviews.bestbuy.com/3545/5620406/reviews.htm?format=embedded&page=140,http://reviews.bestbuy.com/3545/5620406/reviews.htm?format=embedded&page=106","Great size, easy to carry for traveling. Need to spend more time Looking into apps for contact manegement, interactive calenders and most important, music storage and use.",First Tablet. Lots of possibilities.,Laser301
25,"Amazon Fire Kids Edition Tablet, 7 Display, Wi-Fi, 16 GB, Blue Kid-Proof Case - Blue",Amazon,"Electronics,iPad & Tablets,All Tablets,Fire Tablets,Tablets,Computers & Tablets","841667104676,amazon/53004484,amazon/b01ahb9cn2,0841667104676,allnewfirehd8tablet8hddisplaywifi16gbincludesspecialoffersmagenta/5620406,allnewfirehd8tablet8hddisplaywifi16gbincludesspecialoffersmagenta/b01ahb9cn2",Amazon,4,"http://reviews.bestbuy.com/3545/5620406/reviews.htm?format=embedded&page=140,http://reviews.bestbuy.com/3545/5620406/reviews.htm?format=embedded&page=107",I purchased this when my last tablet died. It meets all basic needs and the price was great.,Great price for a basic tablet.,doglover
26,"Kindle Paperwhite E-reader - White, 6 High-Resolution Display (300 ppi) with Built-in Light, Wi-Fi - Includes Special Offers,,",Amazon,"Electronics,iPad & Tablets,All Tablets,Fire Tablets,Tablets,Computers & Tablets","841667104676,amazon/53004484,amazon/b01ahb9cn2,0841667104676,allnewfirehd8tablet8hddisplaywifi16gbincludesspecialoffersmagenta/5620406,allnewfirehd8tablet8hddisplaywifi16gbincludesspecialoffersmagenta/b01ahb9cn2",Amazon,4,"http://reviews.bestbuy.com/3545/5620406/reviews.htm?format=embedded&page=140,http://reviews.bestbuy.com/3545/5620406/reviews.htm?format=embedded&page=107","Perfect for downloading and reading books !! Perfect size and has a nice, bright screen.","Great, quality tablet",Dave
27,"Amazon Echo and Fire TV Power Adapter,,,
Amazon Echo and Fire TV Power Adapter,,,",Amazon,"Electronics,iPad & Tablets,All Tablets,Fire Tablets,Tablets,Computers & Tablets","841667104676,amazon/53004484,amazon/b01ahb9cn2,0841667104676,allnewfirehd8tablet8hddisplaywifi16gbincludesspecialoffersmagenta/5620406,allnewfirehd8tablet8hddisplaywifi16gbincludesspecialoffersmagenta/b01ahb9cn2",Amazon,5,"http://reviews.bestbuy.com/3545/5620406/reviews.htm?format=embedded&page=140,http://reviews.bestbuy.com/3545/5620406/reviews.htm?format=embedded&page=107",I was surprised when I learned of the capabilities of this device. Now my husband has more access to his desktop and I am doing things which I couldn't on his device.,Excellent for simple games and social media.,James
28,"Amazon Fire Hd 8 8in Tablet 16gb Black B018szt3bk 6th Gen (2016) Android,,,
Amazon Fire Hd 8 8in Tablet 16gb Black B018szt3bk 6th Gen (2016) Android,,,",Amazon,"Electronics,iPad & Tablets,All Tablets,Fire Tablets,Tablets,Computers & Tablets","841667104676,amazon/53004484,amazon/b01ahb9cn2,0841667104676,allnewfirehd8tablet8hddisplaywifi16gbincludesspecialoffersmagenta/5620406,allnewfirehd8tablet8hddisplaywifi16gbincludesspecialoffersmagenta/b01ahb9cn2",Amazon,5,"http://reviews.bestbuy.com/3545/5620406/reviews.htm?format=embedded&page=140,http://reviews.bestbuy.com/3545/5620406/reviews.htm?format=embedded&page=107",I got it for my son. Its user friendly and durable.,I like it,NIQUE88
29,"Certified Refurbished Amazon Fire TV with Alexa Voice Remote,,,
Certified Refurbished Amazon Fire TV with Alexa Voice Remote,,,",Amazon,"Electronics,iPad & Tablets,All Tablets,Fire Tablets,Tablets,Computers & Tablets","841667104676,amazon/53004484,amazon/b01ahb9cn2,0841667104676,allnewfirehd8tablet8hddisplaywifi16gbincludesspecialoffersmagenta/5620406,allnewfirehd8tablet8hddisplaywifi16gbincludesspecialoffersmagenta/b01ahb9cn2",Amazon,5,"http://reviews.bestbuy.com/3545/5620406/reviews.htm?format=embedded&page=140,http://reviews.bestbuy.com/3545/5620406/reviews.htm?format=embedded&page=107","The visual quality on the Fire 8 HD is amazing. It runs very fast and is easy to use, very durable.",Great Tablet,Awesomelena
30,"Amazon - Fire 16GB (5th Gen, 2015 Release) - Black,,,
Amazon - Fire 16GB (5th Gen, 2015 Release) - Black,,,",Amazon,"Electronics,iPad & Tablets,All Tablets,Fire Tablets,Tablets,Computers & Tablets","841667104676,amazon/53004484,amazon/b01ahb9cn2,0841667104676,allnewfirehd8tablet8hddisplaywifi16gbincludesspecialoffersmagenta/5620406,allnewfirehd8tablet8hddisplaywifi16gbincludesspecialoffersmagenta/b01ahb9cn2",Amazon,5,"http://reviews.bestbuy.com/3545/5620406/reviews.htm?format=embedded&page=140,http://reviews.bestbuy.com/3545/5620406/reviews.htm?format=embedded&page=107",If your looking for a affordable gift this is it!.,looking for a great gift that is affordable.,Ryno513
31,"Fire Tablet, 7 Display, Wi-Fi, 8 GB - Includes Special Offers, Black",Amazon,"Electronics,iPad & Tablets,All Tablets,Fire Tablets,Tablets,Computers & Tablets","841667104676,amazon/53004484,amazon/b01ahb9cn2,0841667104676,allnewfirehd8tablet8hddisplaywifi16gbincludesspecialoffersmagenta/5620406,allnewfirehd8tablet8hddisplaywifi16gbincludesspecialoffersmagenta/b01ahb9cn2",Amazon,5,"http://reviews.bestbuy.com/3545/5620406/reviews.htm?format=embedded&page=140,http://reviews.bestbuy.com/3545/5620406/reviews.htm?format=embedded&page=107","This is a great tablet for the price, would recommend it to anyone looking for a basic tablet.","Great Tablet, Great Price",ChrisV
32,"Echo (White),,,
Echo (White),,,",Amazon,"Electronics,iPad & Tablets,All Tablets,Fire Tablets,Tablets,Computers & Tablets","841667104676,amazon/53004484,amazon/b01ahb9cn2,0841667104676,allnewfirehd8tablet8hddisplaywifi16gbincludesspecialoffersmagenta/5620406,allnewfirehd8tablet8hddisplaywifi16gbincludesspecialoffersmagenta/b01ahb9cn2",Amazon,4,"http://reviews.bestbuy.com/3545/5620406/reviews.htm?format=embedded&page=124,http://reviews.bestbuy.com/3545/5620406/reviews.htm?format=embedded&page=90",Works great. Love the portability of books. Overall great product,Great product,Firemedic
33,"Echo (White),,,
Fire Tablet, 7 Display, Wi-Fi, 8 GB - Includes Special Offers, Tangerine""",Amazon,"Electronics,iPad & Tablets,All Tablets,Fire Tablets,Tablets,Computers & Tablets","841667104676,amazon/53004484,amazon/b01ahb9cn2,0841667104676,allnewfirehd8tablet8hddisplaywifi16gbincludesspecialoffersmagenta/5620406,allnewfirehd8tablet8hddisplaywifi16gbincludesspecialoffersmagenta/b01ahb9cn2",Amazon,5,"http://reviews.bestbuy.com/3545/5620406/reviews.htm?format=embedded&page=124,http://reviews.bestbuy.com/3545/5620406/reviews.htm?format=embedded&page=91",I am still learning all the things I can do with my new Kindle Fire. It is so much better (lighter in weight and easier to use) than my old tablet.,Enjoying my new tablet,GrandmaKay
34,"Echo (Black),,,
Echo (Black),,,",Amazon,"Electronics,iPad & Tablets,All Tablets,Fire Tablets,Tablets,Computers & Tablets","841667104676,amazon/53004484,amazon/b01ahb9cn2,0841667104676,allnewfirehd8tablet8hddisplaywifi16gbincludesspecialoffersmagenta/5620406,allnewfirehd8tablet8hddisplaywifi16gbincludesspecialoffersmagenta/b01ahb9cn2",Amazon,5,"http://reviews.bestbuy.com/3545/5620406/reviews.htm?format=embedded&page=124,http://reviews.bestbuy.com/3545/5620406/reviews.htm?format=embedded&page=91",Just the right size for reading books and playing some games.,Perfect size,rick
35,"Echo (Black),,,
Amazon 9W PowerFast Official OEM USB Charger and Power Adapter for Fire Tablets and Kindle eReaders,,,",Amazon,"Electronics,iPad & Tablets,All Tablets,Fire Tablets,Tablets,Computers & Tablets","841667104676,amazon/53004484,amazon/b01ahb9cn2,0841667104676,allnewfirehd8tablet8hddisplaywifi16gbincludesspecialoffersmagenta/5620406,allnewfirehd8tablet8hddisplaywifi16gbincludesspecialoffersmagenta/b01ahb9cn2",Amazon,5,"http://reviews.bestbuy.com/3545/5620406/reviews.htm?format=embedded&page=124,http://reviews.bestbuy.com/3545/5620406/reviews.htm?format=embedded&page=91",I love everything about this tablet! The imaging is sharp and clear. It's fast and light weight. Love it!,Love my Amazon Fire HD 8 tablet,ProudOwner
36,"Amazon 9W PowerFast Official OEM USB Charger and Power Adapter for Fire Tablets and Kindle eReaders,,,
Amazon 9W PowerFast Official OEM USB Charger and Power Adapter for Fire Tablets and Kindle eReaders,,,",Amazon,"Electronics,iPad & Tablets,All Tablets,Fire Tablets,Tablets,Computers & Tablets","841667104676,amazon/53004484,amazon/b01ahb9cn2,0841667104676,allnewfirehd8tablet8hddisplaywifi16gbincludesspecialoffersmagenta/5620406,allnewfirehd8tablet8hddisplaywifi16gbincludesspecialoffersmagenta/b01ahb9cn2",Amazon,4,"http://reviews.bestbuy.com/3545/5620406/reviews.htm?format=embedded&page=124,http://reviews.bestbuy.com/3545/5620406/reviews.htm?format=embedded&page=91",Overall a nice product for traveling purposes Value for money,Great product,Gift
37,"Amazon Fire Hd 6 Standing Protective Case(4th Generation - 2014 Release), Cayenne Red,,,
Amazon Fire Hd 6 Standing Protective Case(4th Generation - 2014 Release), Cayenne Red,,,",Amazon,"Electronics,iPad & Tablets,All Tablets,Fire Tablets,Tablets,Computers & Tablets","841667104676,amazon/53004484,amazon/b01ahb9cn2,0841667104676,allnewfirehd8tablet8hddisplaywifi16gbincludesspecialoffersmagenta/5620406,allnewfirehd8tablet8hddisplaywifi16gbincludesspecialoffersmagenta/b01ahb9cn2",Amazon,5,"http://reviews.bestbuy.com/3545/5620406/reviews.htm?format=embedded&page=124,http://reviews.bestbuy.com/3545/5620406/reviews.htm?format=embedded&page=91","My children love this table great quality of pictures, excellent camera",Great for kids,Keykey
38,"Amazon Fire Hd 6 Standing Protective Case(4th Generation - 2014 Release), Cayenne Red,,,
Amazon 5W USB Official OEM Charger and Power Adapter for Fire Tablets and Kindle eReaders,,,",Amazon,"Electronics,iPad & Tablets,All Tablets,Fire Tablets,Tablets,Computers & Tablets","841667104676,amazon/53004484,amazon/b01ahb9cn2,0841667104676,allnewfirehd8tablet8hddisplaywifi16gbincludesspecialoffersmagenta/5620406,allnewfirehd8tablet8hddisplaywifi16gbincludesspecialoffersmagenta/b01ahb9cn2",Amazon,5,"http://reviews.bestbuy.com/3545/5620406/reviews.htm?format=embedded&page=124,http://reviews.bestbuy.com/3545/5620406/reviews.htm?format=embedded&page=91",I bought 3 tablets and my family was not disappointed.,Great Tablet,Christine
39,"Amazon Fire Hd 10 Tablet, Wi-Fi, 16 Gb, Special Offers - Silver Aluminum,,,
Amazon Fire Hd 10 Tablet, Wi-Fi, 16 Gb, Special Offers - Silver Aluminum,,,",Amazon,"Electronics,iPad & Tablets,All Tablets,Fire Tablets,Tablets,Computers & Tablets","841667104676,amazon/53004484,amazon/b01ahb9cn2,0841667104676,allnewfirehd8tablet8hddisplaywifi16gbincludesspecialoffersmagenta/5620406,allnewfirehd8tablet8hddisplaywifi16gbincludesspecialoffersmagenta/b01ahb9cn2",Amazon,5,"http://reviews.bestbuy.com/3545/5620406/reviews.htm?format=embedded&page=124,http://reviews.bestbuy.com/3545/5620406/reviews.htm?format=embedded&page=91",Great tablet fast screen good size never gives me problem,Great,Dodgerfan1
40,"Amazon - Amazon Tap Portable Bluetooth and Wi-Fi Speaker - Black,,,
Amazon - Amazon Tap Portable Bluetooth and Wi-Fi Speaker - Black,,,",Amazon,"Electronics,iPad & Tablets,All Tablets,Fire Tablets,Tablets,Computers & Tablets","841667104676,amazon/53004484,amazon/b01ahb9cn2,0841667104676,allnewfirehd8tablet8hddisplaywifi16gbincludesspecialoffersmagenta/5620406,allnewfirehd8tablet8hddisplaywifi16gbincludesspecialoffersmagenta/b01ahb9cn2",Amazon,4,"http://reviews.bestbuy.com/3545/5620406/reviews.htm?format=embedded&page=113,http://reviews.bestbuy.com/3545/5620406/reviews.htm?format=embedded&page=79","Bought this for my 87 year old grandmother who wanted to be able to play games and read books from the library. My aunt lives with her and can help her use it so its perfect for that type of user. After playing with It, I would consider it for just about anyone other than a hardcore user that wants the latest and greatest tech. if you are tech saavy, you can do more with these Fire tablets than advertised.",Good low cost option for tablet,WayneRules
41,"Coconut Water Red Tea 16.5 Oz (pack of 12),,,
Amazon Fire Tv,,,",Amazon,"Electronics,iPad & Tablets,All Tablets,Fire Tablets,Tablets,Computers & Tablets","841667104676,amazon/53004484,amazon/b01ahb9cn2,0841667104676,allnewfirehd8tablet8hddisplaywifi16gbincludesspecialoffersmagenta/5620406,allnewfirehd8tablet8hddisplaywifi16gbincludesspecialoffersmagenta/b01ahb9cn2",Amazon,5,"http://reviews.bestbuy.com/3545/5620406/reviews.htm?format=embedded&page=113,http://reviews.bestbuy.com/3545/5620406/reviews.htm?format=embedded&page=80",This is exactly what the person wanted as a gift and she enjoys using it.,Enjoyable,Rksajw
42,"Amazon Fire Tv,,,
Amazon Fire Tv,,,",Amazon,"Electronics,iPad & Tablets,All Tablets,Fire Tablets,Tablets,Computers & Tablets","841667104676,amazon/53004484,amazon/b01ahb9cn2,0841667104676,allnewfirehd8tablet8hddisplaywifi16gbincludesspecialoffersmagenta/5620406,allnewfirehd8tablet8hddisplaywifi16gbincludesspecialoffersmagenta/b01ahb9cn2",Amazon,4,"http://reviews.bestbuy.com/3545/5620406/reviews.htm?format=embedded&page=113,http://reviews.bestbuy.com/3545/5620406/reviews.htm?format=embedded&page=80",Does all basic functions of a tablet. Hardcore users may want an iPad.,Good starter tablet,Stevedb
43,"Amazon Fire Tv,,,
Kindle Dx Leather Cover, Black (fits 9.7 Display, Latest and 2nd Generation Kindle Dxs)"",,",Amazon,"Electronics,iPad & Tablets,All Tablets,Fire Tablets,Tablets,Computers & Tablets","841667104676,amazon/53004484,amazon/b01ahb9cn2,0841667104676,allnewfirehd8tablet8hddisplaywifi16gbincludesspecialoffersmagenta/5620406,allnewfirehd8tablet8hddisplaywifi16gbincludesspecialoffersmagenta/b01ahb9cn2",Amazon,4,"http://reviews.bestbuy.com/3545/5620406/reviews.htm?format=embedded&page=113,http://reviews.bestbuy.com/3545/5620406/reviews.htm?format=embedded&page=80",Works great for a simple tablet. Not a huge fan of the silk browser but it could be worse! I am very happy with my purchase!,"Priced to sell, nice little unit!",BennyJames
44,"Kindle Dx Leather Cover, Black (fits 9.7 Display, Latest and 2nd Generation Kindle Dxs),,",Amazon,"Electronics,iPad & Tablets,All Tablets,Fire Tablets,Tablets,Computers & Tablets","841667104676,amazon/53004484,amazon/b01ahb9cn2,0841667104676,allnewfirehd8tablet8hddisplaywifi16gbincludesspecialoffersmagenta/5620406,allnewfirehd8tablet8hddisplaywifi16gbincludesspecialoffersmagenta/b01ahb9cn2",Amazon,5,"http://reviews.bestbuy.com/3545/5620406/reviews.htm?format=embedded&page=113,http://reviews.bestbuy.com/3545/5620406/reviews.htm?format=embedded&page=80",It's fast and easy to use. This is my second kindle fire .,Love the camera,Chris
45,"Amazon Kindle Fire 5ft USB to Micro-USB Cable (works with most Micro-USB Tablets),,,
Amazon Kindle Fire 5ft USB to Micro-USB Cable (works with most Micro-USB Tablets),,,",Amazon,"Electronics,iPad & Tablets,All Tablets,Fire Tablets,Tablets,Computers & Tablets","841667104676,amazon/53004484,amazon/b01ahb9cn2,0841667104676,allnewfirehd8tablet8hddisplaywifi16gbincludesspecialoffersmagenta/5620406,allnewfirehd8tablet8hddisplaywifi16gbincludesspecialoffersmagenta/b01ahb9cn2",Amazon,4,"http://reviews.bestbuy.com/3545/5620406/reviews.htm?format=embedded&page=113,http://reviews.bestbuy.com/3545/5620406/reviews.htm?format=embedded&page=80",More flexibility than a Kindle and bigger screen. Like it because I can surf the web and download and read books.,Was looking for an Kindle,Legs
46,"New Amazon Kindle Fire Hd 9w Powerfast Adapter Charger + Micro Usb Angle Cable,,,
New Amazon Kindle Fire Hd 9w Powerfast Adapter Charger + Micro Usb Angle Cable,,,",Amazon,"Electronics,iPad & Tablets,All Tablets,Fire Tablets,Tablets,Computers & Tablets","841667104676,amazon/53004484,amazon/b01ahb9cn2,0841667104676,allnewfirehd8tablet8hddisplaywifi16gbincludesspecialoffersmagenta/5620406,allnewfirehd8tablet8hddisplaywifi16gbincludesspecialoffersmagenta/b01ahb9cn2",Amazon,5,"http://reviews.bestbuy.com/3545/5620406/reviews.htm?format=embedded&page=113,http://reviews.bestbuy.com/3545/5620406/reviews.htm?format=embedded&page=80","For the money you cannot beat this tablet. Full of features, picture quality is great, and very fast speed while using the internet.",great tablet for the money,Ralpho
47,"New Amazon Kindle Fire Hd 9w Powerfast Adapter Charger + Micro Usb Angle Cable,,,
",Amazon,"Electronics,iPad & Tablets,All Tablets,Fire Tablets,Tablets,Computers & Tablets","841667104676,amazon/53004484,amazon/b01ahb9cn2,0841667104676,allnewfirehd8tablet8hddisplaywifi16gbincludesspecialoffersmagenta/5620406,allnewfirehd8tablet8hddisplaywifi16gbincludesspecialoffersmagenta/b01ahb9cn2",Amazon,5,"http://reviews.bestbuy.com/3545/5620406/reviews.htm?format=embedded&page=113,http://reviews.bestbuy.com/3545/5620406/reviews.htm?format=embedded&page=80","Easy to use, solid build, sharp HP screen for movies. Who needs more?",Nice HD tablet,TechMan
